{
    "LogisticRegression": {
        "accuracy": 0.8584234115475876,
        "recall": {
            "ERROR": 0.0,
            "IMPERSONAL": 0.36585365853658536,
            "SUBJECT": 0.9293906810035842,
            "ZERO": 0.6735966735966736
        },
        "f_measure": {
            "ERROR": 0.0,
            "IMPERSONAL": 0.5128205128205128,
            "SUBJECT": 0.906960475690801,
            "ZERO": 0.7162199502625034
        },
        "precision": {
            "ERROR": 0.0,
            "IMPERSONAL": 0.8571428571428571,
            "SUBJECT": 0.8855874316939891,
            "ZERO": 0.7646017699115044
        },
        "c_matrix": [[5186,  392,    2,    0],
	                 [ 625, 1296,    3,    0],
	                 [  45,    7,   30,    0],
	                 [   0,    0,    0,    0]]
    },
    "RandomForestClassifier": {
        "accuracy": 0.8395728974426575,
        "recall": {
            "ERROR": 0.0,
            "IMPERSONAL": 0.4146341463414634,
            "SUBJECT": 0.9412186379928316,
            "ZERO": 0.5628898128898129
        },
        "f_measure": {
            "ERROR": 0.0,
            "IMPERSONAL": 0.5619834710743802,
            "SUBJECT": 0.8970111016225448,
            "ZERO": 0.6483088895540258
        },
        "precision": {
            "ERROR": 0.0,
            "IMPERSONAL": 0.8717948717948718,
            "SUBJECT": 0.8567699836867863,
            "ZERO": 0.7642907551164432
        },
        "c_matrix":[[5252,  325,    3,    0],
                   [ 839, 1083,    2,    0],
                   [  39,    9,   34,    0],
                   [   0,    0,    0,    0]]
    },
    "SVC": {
        "accuracy": 0.8035855523332455,
        "recall": {
            "ERROR": 0.0,
            "IMPERSONAL": 0.0,
            "SUBJECT": 0.97831541218638,
            "ZERO": 0.3310810810810811
        },
        "f_measure": {
            "ERROR": 0.0,
            "IMPERSONAL": 0.0,
            "SUBJECT": 0.8800580364339835,
            "ZERO": 0.4746646795827124
        },
        "precision": {
            "ERROR": 0.0,
            "IMPERSONAL": 0.0,
            "SUBJECT": 0.7997363023732786,
            "ZERO": 0.8381578947368421
        },
        "c_matrix": [[5459,  121,    0,    0],
                     [1287,  637,    0,    0],
                     [  80,    2,    0,    0],
                     [   0,    0,    0,    0]]
    },
    "LinearSVC": {
        "accuracy": 0.8577643026627999,
        "recall": {
            "ERROR": 0.0,
            "IMPERSONAL": 0.47560975609756095,
            "SUBJECT": 0.9272401433691756,
            "ZERO": 0.6725571725571725
        },
        "f_measure": {
            "ERROR": 0.0,
            "IMPERSONAL": 0.5909090909090909,
            "SUBJECT": 0.906447091800981,
            "ZERO": 0.7141280353200884
        },
        "precision": {
            "ERROR": 0.0,
            "IMPERSONAL": 0.78,
            "SUBJECT": 0.8865661411925977,
            "ZERO": 0.7611764705882353
        },
        "c_matrix": [[5174,  399,    7,    0],
                     [ 626, 1294,    4,    0],
                     [  36,    7,   39,    0],
                     [   0,    0,    0,    0]]
    },
    "GaussianNB": {
        "accuracy": 0.21816504086475086,
        "recall": {
            "ERROR": 0.0,
            "IMPERSONAL": 0.8048780487804879,
            "SUBJECT": 0.12060931899641578,
            "ZERO": 0.4760914760914761
        },
        "f_measure": {
            "ERROR": 0.0,
            "IMPERSONAL": 0.053054662379421226,
            "SUBJECT": 0.21324461343472753,
            "ZERO": 0.28750784682988073
        },
        "precision": {
            "ERROR": 0.0,
            "IMPERSONAL": 0.02743142144638404,
            "SUBJECT": 0.9193989071038251,
            "ZERO": 0.20593525179856115
        },
        "c_matrix": [[4902,  675,    3,    0],
                     [ 451, 1472,    1,    0],
                     [  39,   18,   25,    0],
                     [   0,    0,    0,    0]]
    },
    "SGDClassifier": {
        "accuracy": 0.8435275507513841,
        "recall": {
            "ERROR": 0.0,
            "IMPERSONAL": 0.3048780487804878,
            "SUBJECT": 0.878494623655914,
            "ZERO": 0.7650727650727651
        },
        "f_measure": {
            "ERROR": 0.0,
            "IMPERSONAL": 0.45045045045045046,
            "SUBJECT": 0.893547211082756,
            "ZERO": 0.7199804353142577
        },
        "precision": {
            "ERROR": 0.0,
            "IMPERSONAL": 0.8620689655172413,
            "SUBJECT": 0.9091246290801187,
            "ZERO": 0.6799076212471131
        },
        "c_matrix": [[4902,  675,    3,    0],
                     [ 451, 1472,    1,    0],
                     [  39,   18,   25,    0],
                     [   0,    0,    0,    0]]
    },
    "exec_time": 4209.069771,
    "BernoulliNB": {
        "accuracy": 0.72844713946744,
        "recall": {
            "ERROR": 0.0,
            "IMPERSONAL": 0.5609756097560976,
            "SUBJECT": 0.7602150537634409,
            "ZERO": 0.6434511434511434
        },
        "f_measure": {
            "ERROR": 0.0,
            "IMPERSONAL": 0.22062350119904078,
            "SUBJECT": 0.8103151862464184,
            "ZERO": 0.5778296382730455
        },
        "precision": {
            "ERROR": 0.0,
            "IMPERSONAL": 0.1373134328358209,
            "SUBJECT": 0.8674846625766871,
            "ZERO": 0.5243540872511647
        },
        "c_matrix": [[4242, 1108,  230,    0],
                     [ 627, 1238,   59,    0],
                     [  21,   15,   46,    0],
                     [   0,    0,    0,    0]]
    },
    "VotingClassifier": {
        "precision": {
            "ZERO": 0.7800369685767098,
            "IMPERSONAL": 0.8857142857142857,
            "SUBJECT": 0.882085020242915,
            "ERROR": 0.0
        },
        "accuracy": 0.8602689164249934,
        "f_measure": {
            "ZERO": 0.7138426839582747,
            "IMPERSONAL": 0.5299145299145299,
            "SUBJECT": 0.9087591240875913,
            "ERROR": 0.0
        },
        "recall": {
            "ZERO": 0.658004158004158,
            "IMPERSONAL": 0.3780487804878049,
            "SUBJECT": 0.9370967741935484,
            "ERROR": 0.0
        },
        "c_matrix": [[5229,  350,    1,    0],
                     [ 655, 1266,    3,    0],
                     [  44,    7,   31,    0],
                     [   0,    0,    0,    0]]
    }
}
