{"LogisticRegression": {"accuracy": 0.8702611625947767, "precision": {"SUBJECT": 0.90434782608695652, "ZERO": 0.79281767955801108, "IMPERSONAL": 0.90000000000000002, "ERROR": 0.0}, "recall": {"SUBJECT": 0.9134253450439147, "ZERO": 0.80845070422535215, "IMPERSONAL": 0.59999999999999998, "ERROR": 0.0}, "f_measure": {"SUBJECT": 0.90886392009987516, "ZERO": 0.80055788005578798, "IMPERSONAL": 0.72000000000000008, "ERROR": 0.0}, "c_matrix": [[728,  68,   1,   0],
       [ 67, 287,   1,   0],
       [  8,   4,  18,   0],
       [  2,   3,   0,   0]]}, "SGDClassifier": {"accuracy": 0.82729570345408598, "precision": {"SUBJECT": 0.92545710267229253, "ZERO": 0.71360381861575184, "IMPERSONAL": 0.42592592592592593, "ERROR": 0.66666666666666663}, "recall": {"SUBJECT": 0.82559598494353825, "ZERO": 0.84225352112676055, "IMPERSONAL": 0.76666666666666672, "ERROR": 0.40000000000000002}, "f_measure": {"SUBJECT": 0.87267904509283822, "ZERO": 0.77260981912144699, "IMPERSONAL": 0.54761904761904767, "ERROR": 0.5}, "c_matrix": [[658, 113,  26,   0],
       [ 50, 299,   5,   1],
       [  2,   5,  23,   0],
       [  1,   2,   0,   2]]}, "GaussianNB": {"accuracy": 0.55265374894692498, "precision": {"SUBJECT": 0.96119402985074631, "ZERO": 0.41336971350613916, "IMPERSONAL": 0.24107142857142858, "ERROR": 0.5714285714285714}, "recall": {"SUBJECT": 0.40401505646173147, "ZERO": 0.85352112676056335, "IMPERSONAL": 0.90000000000000002, "ERROR": 0.80000000000000004}, "f_measure": {"SUBJECT": 0.56890459363957602, "ZERO": 0.55698529411764697, "IMPERSONAL": 0.38028169014084512, "ERROR": 0.66666666666666663}, "c_matrix": [[322, 426,  49,   0],
       [ 13, 303,  36,   3],
       [  0,   3,  27,   0],
       [  0,   1,   0,   4]]}, "BernoulliNB": {"accuracy": 0.74389216512215672, "precision": {"SUBJECT": 0.87555555555555553, "ZERO": 0.57171717171717173, "IMPERSONAL": 0.52941176470588236, "ERROR": 0.0}, "recall": {"SUBJECT": 0.74153074027603516, "ZERO": 0.79718309859154934, "IMPERSONAL": 0.29999999999999999, "ERROR": 0.0}, "f_measure": {"SUBJECT": 0.80298913043478259, "ZERO": 0.66588235294117648, "IMPERSONAL": 0.38297872340425532, "ERROR": 0.0}, "c_matrix": [[591, 199,   7,   0],
       [ 71, 283,   1,   0],
       [ 11,  10,   9,   0],
       [  2,   3,   0,   0]]}, "SVC": {"accuracy": 0.76663858466722834, "precision": {"SUBJECT": 0.76015857284440036, "ZERO": 0.8033707865168539, "IMPERSONAL": 0.0, "ERROR": 0.0}, "recall": {"SUBJECT": 0.96235884567126728, "ZERO": 0.40281690140845072, "IMPERSONAL": 0.0, "ERROR": 0.0}, "f_measure": {"SUBJECT": 0.84939091915836096, "ZERO": 0.53658536585365857, "IMPERSONAL": 0.0, "ERROR": 0.0}, "c_matrix": [[767,  30,   0,   0],
       [212, 143,   0,   0],
       [ 28,   2,   0,   0],
       [  2,   3,   0,   0]]}, "LinearSVC": {"accuracy": 0.88542544229149112, "precision": {"SUBJECT": 0.92573623559539053, "ZERO": 0.80428954423592491, "IMPERSONAL": 0.82758620689655171, "ERROR": 1.0}, "recall": {"SUBJECT": 0.90715181932245925, "ZERO": 0.84507042253521125, "IMPERSONAL": 0.80000000000000004, "ERROR": 0.80000000000000004}, "f_measure": {"SUBJECT": 0.91634980988593151, "ZERO": 0.82417582417582413, "IMPERSONAL": 0.81355932203389825, "ERROR": 0.88888888888888895}, "c_matrix": [[723,  70,   4,   0],
       [ 54, 300,   1,   0],
       [  3,   3,  24,   0],
       [  1,   0,   0,   4]]}, "RandomForestClassifier": {"accuracy": 0.92586352148272955, "precision": {"SUBJECT": 0.94161490683229809, "ZERO": 0.89048991354466855, "IMPERSONAL": 0.90000000000000002, "ERROR": 1.0}, "recall": {"SUBJECT": 0.95106649937264742, "ZERO": 0.87042253521126756, "IMPERSONAL": 0.90000000000000002, "ERROR": 1.0}, "f_measure": {"SUBJECT": 0.94631710362047439, "ZERO": 0.88034188034188021, "IMPERSONAL": 0.90000000000000002, "ERROR": 1.0}, "c_matrix": [[758,  38,   1,   0],
       [ 44, 309,   2,   0],
       [  3,   0,  27,   0],
       [  0,   0,   0,   5]]}, "VotingClassifier": {"accuracy": 0.89637742207245152, "precision": {"SUBJECT": 0.93046776232616946, "ZERO": 0.82432432432432434, "IMPERSONAL": 0.875, "ERROR": 1.0}, "recall": {"SUBJECT": 0.92346298619824341, "ZERO": 0.85915492957746475, "IMPERSONAL": 0.69999999999999996, "ERROR": 0.40000000000000002}, "f_measure": {"SUBJECT": 0.92695214105793466, "ZERO": 0.8413793103448276, "IMPERSONAL": 0.77777777777777768, "ERROR": 0.57142857142857151}, "c_matrix": [[736,  59,   2,   0],
       [ 49, 305,   1,   0],
       [  5,   4,  21,   0],
       [  1,   2,   0,   2]]}, "exec_time": 66.006947}