{
  "LogisticRegression": {
    "accuracy": 0.87700084245998311,
    "precision": {
      "SUBJECT": 0.91228070175438591,
      "ZERO": 0.80273972602739729,
      "IMPERSONAL": 0.81818181818181823,
      "ERROR": 1.0
    },
    "recall": {
      "SUBJECT": 0.9134253450439147,
      "ZERO": 0.82535211267605635,
      "IMPERSONAL": 0.59999999999999998,
      "ERROR": 0.40000000000000002
    },
    "f_measure": {
      "SUBJECT": 0.91285266457680247,
      "ZERO": 0.81388888888888877,
      "IMPERSONAL": 0.69230769230769229,
      "ERROR": 0.57142857142857151
    },
    "c_matrix": [
      [728,  66,  3,  0],
      [61,  293,  1,  0],
      [8,  4,  18,  0],
      [1,  2,  0,  2]
    ]
  },
  "SGDClassifier": {
    "accuracy": 0.81802864363942718,
    "precision": {
      "SUBJECT": 0.95943837753510142,
      "ZERO": 0.646484375,
      "IMPERSONAL": 0.71875,
      "ERROR": 1.0
    },
    "recall": {
      "SUBJECT": 0.77164366373902138,
      "ZERO": 0.93239436619718308,
      "IMPERSONAL": 0.76666666666666672,
      "ERROR": 0.40000000000000002
    },
    "f_measure": {
      "SUBJECT": 0.85535465924895693,
      "ZERO": 0.76355247981545549,
      "IMPERSONAL": 0.74193548387096775,
      "ERROR": 0.57142857142857151
    },
    "c_matrix": [
      [615,  174,  8,  0],
      [23,  331,  1,  0],
      [2,  5,  23,  0],
      [1,  2,  0,  2]
    ]
  },
  "GaussianNB": {
    "accuracy": 0.55265374894692498,
    "precision": {
      "SUBJECT": 0.96119402985074631,
      "ZERO": 0.41336971350613916,
      "IMPERSONAL": 0.24107142857142858,
      "ERROR": 0.5714285714285714
    },
    "recall": {
      "SUBJECT": 0.40401505646173147,
      "ZERO": 0.85352112676056335,
      "IMPERSONAL": 0.90000000000000002,
      "ERROR": 0.80000000000000004
    },
    "f_measure": {
      "SUBJECT": 0.56890459363957602,
      "ZERO": 0.55698529411764697,
      "IMPERSONAL": 0.38028169014084512,
      "ERROR": 0.66666666666666663
    },
    "c_matrix": [
      [322,  426,  49,  0],
      [13,  303,  36,  3],
      [0,  3,  27,  0],
      [0,  1,  0,  4]
    ]
  },
  "BernoulliNB": {
    "accuracy": 0.74557708508845832,
    "precision": {
      "SUBJECT": 0.87393767705382441,
      "ZERO": 0.62068965517241381,
      "IMPERSONAL": 0.20547945205479451,
      "ERROR": 0.5
    },
    "recall": {
      "SUBJECT": 0.77415307402760347,
      "ZERO": 0.70985915492957752,
      "IMPERSONAL": 0.5,
      "ERROR": 0.20000000000000001
    },
    "f_measure": {
      "SUBJECT": 0.82102461743180299,
      "ZERO": 0.6622864651773982,
      "IMPERSONAL": 0.29126213592233013,
      "ERROR": 0.28571428571428575
    },
    "c_matrix": [
      [617,  141,  39,  0],
      [83,  252,  19,  1],
      [5,  10,  15,  0],
      [1,  3,  0,  1]
    ]
  },
  "SVC": {
    "accuracy": 0.74810446503791073,
    "precision": {
      "SUBJECT": 0.73490566037735849,
      "ZERO": 0.8582677165354331,
      "IMPERSONAL": 0.0,
      "ERROR": 0.0
    },
    "recall": {
      "SUBJECT": 0.97741530740276039,
      "ZERO": 0.30704225352112674,
      "IMPERSONAL": 0.0,
      "ERROR": 0.0
    },
    "f_measure": {
      "SUBJECT": 0.83898761443187941,
      "ZERO": 0.4522821576763485,
      "IMPERSONAL": 0.0,
      "ERROR": 0.0
    },
    "c_matrix": [
      [779,  18,  0,  0],
      [246,  109,  0,  0],
      [30,  0,  0,  0],
      [5,  0,  0,  0]
    ]
  },
  "LinearSVC": {
    "accuracy": 0.89637742207245152,
    "precision": {
      "SUBJECT": 0.93112244897959184,
      "ZERO": 0.82162162162162167,
      "IMPERSONAL": 0.89655172413793105,
      "ERROR": 1.0
    },
    "recall": {
      "SUBJECT": 0.91593475533249691,
      "ZERO": 0.85633802816901405,
      "IMPERSONAL": 0.8666666666666667,
      "ERROR": 0.80000000000000004
    },
    "f_measure": {
      "SUBJECT": 0.92346616065781162,
      "ZERO": 0.83862068965517245,
      "IMPERSONAL": 0.88135593220338992,
      "ERROR": 0.88888888888888895
    },
    "c_matrix": [
      [730,  64,  3,  0],
      [51,  304,  0,  0],
      [2,  2,  26,  0],
      [1,  0,  0,  4]
    ]
  },
  "RandomForestClassifier": {
    "accuracy": 0.91996630160067394,
    "precision": {
      "SUBJECT": 0.93040293040293043,
      "ZERO": 0.89759036144578308,
      "IMPERSONAL": 0.87096774193548387,
      "ERROR": 1.0
    },
    "recall": {
      "SUBJECT": 0.95608531994981183,
      "ZERO": 0.83943661971830985,
      "IMPERSONAL": 0.90000000000000002,
      "ERROR": 1.0
    },
    "f_measure": {
      "SUBJECT": 0.94306930693069302,
      "ZERO": 0.8675400291120815,
      "IMPERSONAL": 0.88524590163934436,
      "ERROR": 1.0
    },
    "c_matrix": [
      [762,  33,  2,  0],
      [55,  298,  2,  0],
      [2,  1,  27,  0],
      [0,  0,  0,  5]
    ]
  },
  "VotingClassifier": {
    "accuracy": 0.90058972198820553,
    "precision": {
      "SUBJECT": 0.92193308550185871,
      "ZERO": 0.85142857142857142,
      "IMPERSONAL": 0.88461538461538458,
      "ERROR": 1.0
    },
    "recall": {
      "SUBJECT": 0.93350062735257211,
      "ZERO": 0.83943661971830985,
      "IMPERSONAL": 0.76666666666666672,
      "ERROR": 0.80000000000000004
    },
    "f_measure": {
      "SUBJECT": 0.92768079800498759,
      "ZERO": 0.84539007092198581,
      "IMPERSONAL": 0.82142857142857151,
      "ERROR": 0.88888888888888895
    },
    "c_matrix": [
      [744,  50,  3,  0],
      [57,  298,  0,  0],
      [5,  2,  23,  0],
      [1,  0,  0,  4]
    ]
  },
  "exec_time": 339.357488
}