{
  "LogisticRegression": {
    "accuracy": 0.64248159831756047,
    "precision": {
      "SUBJECT": 0.67460317460317465,
      "ZERO": 0.5,
      "IMPERSONAL": 0.88888888888888884,
      "ERROR": 0.0
    },
    "recall": {
      "SUBJECT": 0.89473684210526316,
      "ZERO": 0.61589403973509937,
      "IMPERSONAL": 0.08247422680412371,
      "ERROR": 0.0
    },
    "f_measure": {
      "SUBJECT": 0.76923076923076927,
      "ZERO": 0.55192878338278928,
      "IMPERSONAL": 0.15094339622641506,
      "ERROR": 0.0
    },
    "c_matrix": [
      [510, 60, 0, 0],
      [ 58, 93, 0, 0],
      [ 74, 15, 8, 0],
      [ 13,  3, 0, 0]
    ]
  },
  "SGDClassifier": {
    "accuracy": 0.62776025236593058,
    "precision": {
      "SUBJECT": 0.69852941176470584,
      "ZERO": 0.43548387096774194,
      "IMPERSONAL": 0.60869565217391308,
      "ERROR": 0.0
    },
    "recall": {
      "SUBJECT": 0.83333333333333337,
      "ZERO": 0.71523178807947019,
      "IMPERSONAL": 0.14432989690721648,
      "ERROR": 0.0
    },
    "f_measure": {
      "SUBJECT": 0.76000000000000012,
      "ZERO": 0.54135338345864659,
      "IMPERSONAL": 0.23333333333333334,
      "ERROR": 0.0
    },
    "c_matrix": [
      [475,  94,  1, 0],
      [ 39, 108,  4, 0],
      [ 61,  22, 14, 0],
      [ 10,   5,  1, 0]
    ]
  },
  "GaussianNB": {
    "accuracy": 0.23659305993690852,
    "precision": {
      "SUBJECT": 0.66379310344827591,
      "ZERO": 0.16690856313497823,
      "IMPERSONAL": 0.22602739726027396,
      "ERROR": 0.0
    },
    "recall": {
      "SUBJECT": 0.13508771929824562,
      "ZERO": 0.76158940397350994,
      "IMPERSONAL": 0.34020618556701032,
      "ERROR": 0.0
    },
    "f_measure": {
      "SUBJECT": 0.22448979591836737,
      "ZERO": 0.27380952380952378,
      "IMPERSONAL": 0.27160493827160492,
      "ERROR": 0.0
    },
    "c_matrix": [
      [77, 429, 64, 0],
      [ 6, 115, 30, 0],
      [10,  54, 33, 0],
      [ 4,  11,  1, 0]
    ]
  },
  "BernoulliNB": {
    "accuracy": 0.58675078864353314,
    "precision": {
      "SUBJECT": 0.6901408450704225,
      "ZERO": 0.352112676056338,
      "IMPERSONAL": 0.6071428571428571,
      "ERROR": 0.0
    },
    "recall": {
      "SUBJECT": 0.77368421052631575,
      "ZERO": 0.66225165562913912,
      "IMPERSONAL": 0.17525773195876287,
      "ERROR": 0.0
    },
    "f_measure": {
      "SUBJECT": 0.72952853598014888,
      "ZERO": 0.45977011494252873,
      "IMPERSONAL": 0.27200000000000002,
      "ERROR": 0.0
    },
    "c_matrix": [
      [441, 126,  3, 0],
      [ 48, 100,  3, 0],
      [ 52,  28, 17, 0],
      [ 11,   5,  0, 0]
    ]
  },
  "SVC": {
    "accuracy": 0.60357518401682442,
    "precision": {
      "SUBJECT": 0.60999999999999999,
      "ZERO": 0.49019607843137253,
      "IMPERSONAL": 0.0,
      "ERROR": 0.0
    },
    "recall": {
      "SUBJECT": 0.9631578947368421,
      "ZERO": 0.16556291390728478,
      "IMPERSONAL": 0.0,
      "ERROR": 0.0
    },
    "f_measure": {
      "SUBJECT": 0.74693877551020404,
      "ZERO": 0.24752475247524755,
      "IMPERSONAL": 0.0,
      "ERROR": 0.0
    },
    "c_matrix": [
      [549, 21, 0, 0],
      [126, 25, 0, 0],
      [ 95,  2, 0, 0],
      [ 16,  0, 0, 0]
    ]
  },
  "LinearSVC": {
    "accuracy": 0.64773922187171395,
    "precision": {
      "SUBJECT": 0.68556005398110664,
      "ZERO": 0.48979591836734693,
      "IMPERSONAL": 0.8571428571428571,
      "ERROR": 0.0
    },
    "recall": {
      "SUBJECT": 0.89122807017543859,
      "ZERO": 0.63576158940397354,
      "IMPERSONAL": 0.12371134020618557,
      "ERROR": 0.0
    },
    "f_measure": {
      "SUBJECT": 0.77498093058733808,
      "ZERO": 0.55331412103746402,
      "IMPERSONAL": 0.21621621621621623,
      "ERROR": 0.0
    },
    "c_matrix": [
      [508, 62,  0, 0],
      [ 54, 96,  1, 0],
      [ 65, 20, 12, 0],
      [ 12,  4,  0, 0]
    ]
  },
  "RandomForestClassifier": {
    "accuracy": 0.62145110410094639,
    "precision": {
      "SUBJECT": 0.64137086903304774,
      "ZERO": 0.48799999999999999,
      "IMPERSONAL": 0.66666666666666663,
      "ERROR": 0.0
    },
    "recall": {
      "SUBJECT": 0.91929824561403506,
      "ZERO": 0.40397350993377484,
      "IMPERSONAL": 0.061855670103092786,
      "ERROR": 0.0
    },
    "f_measure": {
      "SUBJECT": 0.75558759913482332,
      "ZERO": 0.44202898550724634,
      "IMPERSONAL": 0.11320754716981132,
      "ERROR": 0.0
    },
    "c_matrix": [
      [524, 44, 2, 0],
      [ 90, 61, 0, 0],
      [ 82,  9, 6, 0],
      [ 13,  3, 0, 0]
    ]
  },
  "VotingClassifier": {
    "accuracy": 0.64563617245005256,
    "precision": {
      "SUBJECT": 0.6675191815856778,
      "ZERO": 0.52500000000000002,
      "IMPERSONAL": 0.88888888888888884,
      "ERROR": 0.0
    },
    "recall": {
      "SUBJECT": 0.91578947368421049,
      "ZERO": 0.55629139072847678,
      "IMPERSONAL": 0.08247422680412371,
      "ERROR": 0.0
    },
    "f_measure": {
      "SUBJECT": 0.77218934911242609,
      "ZERO": 0.54019292604501601,
      "IMPERSONAL": 0.15094339622641506,
      "ERROR": 0.0
    },
    "c_matrix": [
      [522, 48, 0, 0],
      [ 67, 84, 0, 0],
      [ 76, 13, 8, 0],
      [ 14,  2, 0, 0]
    ]
  },
  "exec_time": 4846.821338
}