{"LogisticRegression": {"accuracy": 0.85704857444561777, "precision": {"SUBJECT": 0.87965470548408942, "ZERO": 0.7742331288343558, "IMPERSONAL": 0.89473684210526316, "ERROR": 0.0}, "recall": {"SUBJECT": 0.93454414673619857, "ZERO": 0.6545643153526971, "IMPERSONAL": 0.39080459770114945, "ERROR": 0.0}, "f_measure": {"SUBJECT": 0.90626907315371874, "ZERO": 0.70938729623383923, "IMPERSONAL": 0.54399999999999993, "ERROR": 0.0}, "c_matrix": [[5197,  362,    2,    0],
       [ 664, 1262,    2,    0],
       [  47,    6,   34,    0],
       [   0,    0,    0,    0]]}, "SGDClassifier": {"accuracy": 0.83526927138331575, "precision": {"SUBJECT": 0.91513409961685821, "ZERO": 0.65710560625814862, "IMPERSONAL": 0.70909090909090911, "ERROR": 0.0}, "recall": {"SUBJECT": 0.85901816220104299, "ZERO": 0.78423236514522821, "IMPERSONAL": 0.44827586206896552, "ERROR": 0.0}, "f_measure": {"SUBJECT": 0.88618866524441153, "ZERO": 0.71506266256798312, "IMPERSONAL": 0.54929577464788726, "ERROR": 0.0}, "c_matrix": [[4777,  774,   10,    0],
       [ 410, 1512,    6,    0],
       [  33,   15,   39,    0],
       [   0,    0,    0,    0]]}, "GaussianNB": {"accuracy": 0.26808342133051744, "precision": {"SUBJECT": 0.875, "ZERO": 0.23636043646603308, "IMPERSONAL": 0.05499153976311337, "ERROR": 0.0}, "recall": {"SUBJECT": 0.11203021039381406, "ZERO": 0.69657676348547715, "IMPERSONAL": 0.74712643678160917, "ERROR": 0.0}, "f_measure": {"SUBJECT": 0.19862904511398058, "ZERO": 0.35295663600525623, "IMPERSONAL": 0.10244286840031522, "ERROR": 0.0}, "c_matrix": [[ 623, 4318,  620,    0],
       [  88, 1343,  497,    0],
       [   1,   21,   65,    0],
       [   0,    0,    0,    0]]}, "BernoulliNB": {"accuracy": 0.73429250263991552, "precision": {"SUBJECT": 0.9067662367051369, "ZERO": 0.50115932427956278, "IMPERSONAL": 0.31159420289855072, "ERROR": 0.0}, "recall": {"SUBJECT": 0.72055385721992449, "ZERO": 0.78475103734439833, "IMPERSONAL": 0.4942528735632184, "ERROR": 0.0}, "f_measure": {"SUBJECT": 0.80300601202404809, "ZERO": 0.6116838487972508, "IMPERSONAL": 0.38222222222222224, "ERROR": 0.0}, "c_matrix": [[4007, 1487,   67,    0],
       [ 387, 1513,   28,    0],
       [  25,   19,   43,    0],
       [   0,    0,    0,    0]]}, "SVC": {"accuracy": 0.78445089757127773, "precision": {"SUBJECT": 0.77766784452296822, "ZERO": 0.88023952095808389, "IMPERSONAL": 0.0, "ERROR": 0.0}, "recall": {"SUBJECT": 0.98939039741053769, "ZERO": 0.22873443983402489, "IMPERSONAL": 0.0, "ERROR": 0.0}, "f_measure": {"SUBJECT": 0.8708452041785375, "ZERO": 0.36311239193083572, "IMPERSONAL": 0.0, "ERROR": 0.0}, "c_matrix": [[5502,   59,    0,    0],
       [1487,  441,    0,    0],
       [  86,    1,    0,    0],
       [   0,    0,    0,    0]]}, "LinearSVC": {"accuracy": 0.85625659978880675, "precision": {"SUBJECT": 0.88495879120879117, "ZERO": 0.75983558426306519, "IMPERSONAL": 0.79591836734693877, "ERROR": 0.0}, "recall": {"SUBJECT": 0.92681172450998017, "ZERO": 0.67116182572614103, "IMPERSONAL": 0.44827586206896552, "ERROR": 0.0}, "f_measure": {"SUBJECT": 0.90540184453227923, "ZERO": 0.71275130817956489, "IMPERSONAL": 0.57352941176470584, "ERROR": 0.0}, "c_matrix": [[5154,  402,    5,    0],
       [ 629, 1294,    5,    0],
       [  41,    7,   39,    0],
       [   0,    0,    0,    0]]}, "RandomForestClassifier": {"accuracy": 0.85572861668426614, "precision": {"SUBJECT": 0.86605684416857232, "ZERO": 0.8089887640449438, "IMPERSONAL": 0.96666666666666667, "ERROR": 0.0}, "recall": {"SUBJECT": 0.95342564286998743, "ZERO": 0.59751037344398339, "IMPERSONAL": 0.33333333333333331, "ERROR": 0.0}, "f_measure": {"SUBJECT": 0.90764358469571171, "ZERO": 0.68735083532219576, "IMPERSONAL": 0.49572649572649563, "ERROR": 0.0}, "c_matrix": [[5302,  259,    0,    0],
       [ 775, 1152,    1,    0],
       [  45,   13,   29,    0],
       [   0,    0,    0,    0]]}, "VotingClassifier": {"accuracy": 0.86008447729672655, "precision": {"SUBJECT": 0.87446031218864162, "ZERO": 0.80264026402640265, "IMPERSONAL": 0.87179487179487181, "ERROR": 0.0}, "recall": {"SUBJECT": 0.94695198705268835, "ZERO": 0.63070539419087135, "IMPERSONAL": 0.39080459770114945, "ERROR": 0.0}, "f_measure": {"SUBJECT": 0.90926357593024254, "ZERO": 0.70636073191983728, "IMPERSONAL": 0.53968253968253976, "ERROR": 0.0}, "c_matrix": [[5266,  293,    2,    0],
       [ 709, 1216,    3,    0],
       [  47,    6,   34,    0],
       [   0,    0,    0,    0]]}, "exec_time": 4749.9602270000005}