{
  "SGDClassifier": {
    "accuracy": 0.8808309726156751,
    "precision": {
      "ERROR": 0.0,
      "SUBJECT": 0.8944516129032258,
      "IMPERSONAL": 0.7647058823529411,
      "ZERO": 0.8466033601168736
    },
    "f_measure": {
      "ERROR": 0.0,
      "SUBJECT": 0.9182673201748577,
      "IMPERSONAL": 0.6446280991735537,
      "ZERO": 0.7938356164383562
    },
    "c_matrix": [
      [3466, 203, 5, 0 ],
      [385, 1159, 7, 0 ],
      [24, 7, 39, 0 ],
      [0, 0, 0, 0 ]
    ],
    "recall": {
      "ERROR": 0.0,
      "SUBJECT": 0.9433859553620033,
      "IMPERSONAL": 0.5571428571428572,
      "ZERO": 0.7472598323662153
    }
  },
  "BernoulliNB": {
    "accuracy": 0.7816808309726156,
    "precision": {
      "ERROR": 0.0,
      "SUBJECT": 0.8968847352024922,
      "IMPERSONAL": 0.4044943820224719,
      "ZERO": 0.6132264529058116
    },
    "f_measure": {
      "ERROR": 0.0,
      "SUBJECT": 0.8364323067983729,
      "IMPERSONAL": 0.4528301886792453,
      "ZERO": 0.6901606991824077
    },
    "c_matrix": [
      [2879, 751, 44, 0 ],
      [318, 1224, 9, 0 ],
      [13, 21, 36, 0 ],
      [0, 0, 0, 0 ]
    ],
    "recall": {
      "ERROR": 0.0,
      "SUBJECT": 0.7836145890038105,
      "IMPERSONAL": 0.5142857142857142,
      "ZERO": 0.7891682785299806
    }
  },
  "VotingClassifier": {
    "accuracy": 0.871010387157696,
    "precision": {
      "ERROR": 0.0,
      "SUBJECT": 0.90722207195023,
      "IMPERSONAL": 0.7317073170731707,
      "ZERO": 0.7886962106615286
    },
    "f_measure": {
      "ERROR": 0.0,
      "SUBJECT": 0.9100529100529101,
      "IMPERSONAL": 0.5405405405405405,
      "ZERO": 0.7902187902187904
    },
    "c_matrix": [
      [3354, 315, 5, 0 ],
      [317, 1228, 6, 0 ],
      [26, 14, 30, 0 ],
      [0, 0, 0, 0 ]
    ],
    "recall": {
      "ERROR": 0.0,
      "SUBJECT": 0.9129014697876974,
      "IMPERSONAL": 0.42857142857142855,
      "ZERO": 0.7917472598323663
    }
  },
  "exec_time": 2141.107192,
  "SVC": {
    "accuracy": 0.8009442870632673,
    "precision": {
      "ERROR": 0.0,
      "SUBJECT": 0.8982540638169777,
      "IMPERSONAL": 0.0,
      "ZERO": 0.6371008616320324
    },
    "f_measure": {
      "ERROR": 0.0,
      "SUBJECT": 0.8530588907947398,
      "IMPERSONAL": 0.0,
      "ZERO": 0.7133938706015891
    },
    "c_matrix": [
      [2984, 690, 0, 0 ],
      [294, 1257, 0, 0 ],
      [44, 26, 0, 0 ],
      [0, 0, 0, 0 ]
    ],
    "recall": {
      "ERROR": 0.0,
      "SUBJECT": 0.8121937942297224,
      "IMPERSONAL": 0.0,
      "ZERO": 0.8104448742746615
    }
  },
  "RandomForestClassifier": {
    "accuracy": 0.8239848914069877,
    "precision": {
      "ERROR": 0.0,
      "SUBJECT": 0.8382822085889571,
      "IMPERSONAL": 0.8148148148148148,
      "ZERO": 0.7753562447611064
    },
    "f_measure": {
      "ERROR": 0.0,
      "SUBJECT": 0.8816621499548328,
      "IMPERSONAL": 0.45360824742268047,
      "ZERO": 0.674198250728863
    },
    "c_matrix": [
      [3416, 253, 5, 0 ],
      [626, 925, 0, 0 ],
      [33, 15, 22, 0 ],
      [0, 0, 0, 0 ]
    ],
    "recall": {
      "ERROR": 0.0,
      "SUBJECT": 0.929776810016331,
      "IMPERSONAL": 0.3142857142857143,
      "ZERO": 0.5963894261766602
    }
  },
  "GaussianNB": {
    "accuracy": 0.3440982058545798,
    "precision": {
      "ERROR": 0.0,
      "SUBJECT": 0.8288770053475936,
      "IMPERSONAL": 0.10047846889952153,
      "ZERO": 0.3046802594995366
    },
    "f_measure": {
      "ERROR": 0.0,
      "SUBJECT": 0.2195985832349469,
      "IMPERSONAL": 0.1721311475409836,
      "ZERO": 0.44826998465996243
    },
    "c_matrix": [
      [465, 2975, 234, 0 ],
      [94, 1315, 142, 0 ],
      [2, 26, 42, 0 ],
      [0, 0, 0, 0 ]
    ],
    "recall": {
      "ERROR": 0.0,
      "SUBJECT": 0.12656505171475232,
      "IMPERSONAL": 0.6,
      "ZERO": 0.8478401031592521
    }
  },
  "LinearSVC": {
    "accuracy": 0.8766761095372994,
    "precision": {
      "ERROR": 0.0,
      "SUBJECT": 0.8982474496468742,
      "IMPERSONAL": 0.7441860465116279,
      "ZERO": 0.8229531140657803
    },
    "f_measure": {
      "ERROR": 0.0,
      "SUBJECT": 0.9160997732426304,
      "IMPERSONAL": 0.5663716814159292,
      "ZERO": 0.789261744966443
    },
    "c_matrix": [
      [3434, 238, 2, 0 ],
      [366, 1176, 9, 0 ],
      [23, 15, 32, 0 ],
      [0, 0, 0, 0 ]
    ],
    "recall": {
      "ERROR": 0.0,
      "SUBJECT": 0.934676102340773,
      "IMPERSONAL": 0.45714285714285713,
      "ZERO": 0.758220502901354
    }
  },
  "LogisticRegression": {
    "accuracy": 0.8819641170915958,
    "precision": {
      "ERROR": 0.0,
      "SUBJECT": 0.8990897269180754,
      "IMPERSONAL": 0.8,
      "ZERO": 0.8374558303886925
    },
    "f_measure": {
      "ERROR": 0.0,
      "SUBJECT": 0.9195371724963427,
      "IMPERSONAL": 0.5333333333333333,
      "ZERO": 0.7990559676331759
    },
    "c_matrix": [
      [3457, 215, 2, 0 ],
      [361, 1185, 5, 0 ],
      [27, 15, 28, 0 ],
      [0, 0, 0, 0 ]
    ],
    "recall": {
      "ERROR": 0.0,
      "SUBJECT": 0.9409363091997822,
      "IMPERSONAL": 0.4,
      "ZERO": 0.7640232108317214
    }
  }
}
