{
  "GaussianNB": {
    "accuracy": 0.30658105939004815,
    "precision": {
      "ERROR": 0.0,
      "IMPERSONAL": 0.3220338983050847,
      "ZERO": 0.2196652719665272,
      "SUBJECT": 0.7790697674418605
    },
    "recall": {
      "ERROR": 0.0,
      "IMPERSONAL": 0.25675675675675674,
      "ZERO": 0.8823529411764706,
      "SUBJECT": 0.16183574879227053
    },
    "f_measure": {
      "ERROR": 0.0,
      "IMPERSONAL": 0.2857142857142857,
      "ZERO": 0.35175879396984927,
      "SUBJECT": 0.268
    },
    "c_matrix": [
      [67, 314, 33, 0 ],
      [7, 105, 7, 0 ],
      [9, 46, 19, 0 ],
      [2, 11, 0, 0 ]
    ]
  },
  "SGDClassifier": {
    "accuracy": 0.7062600321027287,
    "precision": {
      "ERROR": 0.0,
      "IMPERSONAL": 0.8,
      "ZERO": 0.4523809523809524,
      "SUBJECT": 0.8
    },
    "recall": {
      "ERROR": 0.0,
      "IMPERSONAL": 0.10810810810810811,
      "ZERO": 0.6386554621848739,
      "SUBJECT": 0.8599033816425121
    },
    "f_measure": {
      "ERROR": 0.0,
      "IMPERSONAL": 0.19047619047619047,
      "ZERO": 0.5296167247386759,
      "SUBJECT": 0.8288707799767172
    },
    "c_matrix": [
      [356, 57, 1, 0 ],
      [42, 76, 1, 0 ],
      [38, 28, 8, 0 ],
      [6, 7, 0, 0 ]
    ]
  },
  "VotingClassifier": {
    "accuracy": 0.6869983948635634,
    "precision": {
      "ERROR": 0.0,
      "IMPERSONAL": 0.8888888888888888,
      "ZERO": 0.4166666666666667,
      "SUBJECT": 0.8056872037914692
    },
    "recall": {
      "ERROR": 0.0,
      "IMPERSONAL": 0.10810810810810811,
      "ZERO": 0.6722689075630253,
      "SUBJECT": 0.821256038647343
    },
    "f_measure": {
      "ERROR": 0.0,
      "IMPERSONAL": 0.1927710843373494,
      "ZERO": 0.5144694533762059,
      "SUBJECT": 0.8133971291866028
    },
    "c_matrix": [
      [340, 74, 0, 0 ],
      [38, 80, 1, 0 ],
      [35, 31, 8, 0 ],
      [6, 7, 0, 0 ]
    ]
  },
  "SVC": {
    "accuracy": 0.6179775280898876,
    "precision": {
      "ERROR": 0.0,
      "IMPERSONAL": 0.0,
      "ZERO": 0.35365853658536583,
      "SUBJECT": 0.7904509283819628
    },
    "recall": {
      "ERROR": 0.0,
      "IMPERSONAL": 0.0,
      "ZERO": 0.7310924369747899,
      "SUBJECT": 0.7198067632850241
    },
    "f_measure": {
      "ERROR": 0.0,
      "IMPERSONAL": 0.0,
      "ZERO": 0.4767123287671232,
      "SUBJECT": 0.7534766118836915
    },
    "c_matrix": [
      [298, 116, 0, 0 ],
      [32, 87, 0, 0 ],
      [38, 36, 0, 0 ],
      [6, 7, 0, 0 ]
    ]
  },
  "LinearSVC": {
    "accuracy": 0.6982343499197432,
    "precision": {
      "ERROR": 0.0,
      "IMPERSONAL": 0.8666666666666667,
      "ZERO": 0.42777777777777776,
      "SUBJECT": 0.8060747663551402
    },
    "recall": {
      "ERROR": 0.0,
      "IMPERSONAL": 0.17567567567567569,
      "ZERO": 0.6470588235294118,
      "SUBJECT": 0.8333333333333334
    },
    "f_measure": {
      "ERROR": 0.0,
      "IMPERSONAL": 0.2921348314606742,
      "ZERO": 0.5150501672240804,
      "SUBJECT": 0.819477434679335
    },
    "c_matrix": [
      [345, 68, 1, 0 ],
      [41, 77, 1, 0 ],
      [32, 29, 13, 0 ],
      [7, 6, 0, 0 ]
    ]
  },
  "RandomForestClassifier": {
    "accuracy": 0.6581059390048154,
    "precision": {
      "ERROR": 0.0,
      "IMPERSONAL": 1.0,
      "ZERO": 0.38513513513513514,
      "SUBJECT": 0.7409766454352441
    },
    "recall": {
      "ERROR": 0.0,
      "IMPERSONAL": 0.05405405405405406,
      "ZERO": 0.4789915966386555,
      "SUBJECT": 0.8429951690821256
    },
    "f_measure": {
      "ERROR": 0.0,
      "IMPERSONAL": 0.10256410256410257,
      "ZERO": 0.42696629213483145,
      "SUBJECT": 0.7887005649717514
    },
    "c_matrix": [
      [349, 65, 0, 0 ],
      [62, 57, 0, 0 ],
      [48, 22, 4, 0 ],
      [9, 4, 0, 0 ]
    ]
  },
  "LogisticRegression": {
    "accuracy": 0.6966292134831461,
    "precision": {
      "ERROR": 0.0,
      "IMPERSONAL": 0.9,
      "ZERO": 0.425414364640884,
      "SUBJECT": 0.8055555555555556
    },
    "recall": {
      "ERROR": 0.0,
      "IMPERSONAL": 0.12162162162162163,
      "ZERO": 0.6470588235294118,
      "SUBJECT": 0.8405797101449275
    },
    "f_measure": {
      "ERROR": 0.0,
      "IMPERSONAL": 0.2142857142857143,
      "ZERO": 0.5133333333333334,
      "SUBJECT": 0.8226950354609929
    },
    "c_matrix": [
      [348, 66, 0, 0 ],
      [41, 77, 1, 0 ],
      [34, 31, 9, 0 ],
      [6, 7, 0, 0 ]
    ]
  },
  "exec_time": 1802.4712889999998,
  "BernoulliNB": {
    "accuracy": 0.622792937399679,
    "precision": {
      "ERROR": 0.0,
      "IMPERSONAL": 0.8461538461538461,
      "ZERO": 0.35864978902953587,
      "SUBJECT": 0.7828418230563002
    },
    "recall": {
      "ERROR": 0.0,
      "IMPERSONAL": 0.14864864864864866,
      "ZERO": 0.7142857142857143,
      "SUBJECT": 0.7053140096618358
    },
    "f_measure": {
      "ERROR": 0.0,
      "IMPERSONAL": 0.25287356321839083,
      "ZERO": 0.4775280898876405,
      "SUBJECT": 0.7420584498094028
    },
    "c_matrix": [
      [292, 120, 2, 0 ],
      [34, 85, 0, 0 ],
      [35, 28, 11, 0 ],
      [9, 4, 0, 0 ]
    ]
  }
}
