{
  "LinearSVC": {
    "precision": {
      "IMPERSONAL": 0.7959183673469388,
      "SUBJECT": 0.8902837489251935,
      "ZERO": 0.7659698025551684,
      "ERROR": 0.0
    },
    "f_measure": {
      "IMPERSONAL": 0.5954198473282443,
      "SUBJECT": 0.9086441421676175,
      "ZERO": 0.7235326385079539,
      "ERROR": 0.0
    },
    "accuracy": 0.8614553124176114,
    "recall": {
      "IMPERSONAL": 0.47560975609756095,
      "SUBJECT": 0.9277777777777778,
      "ZERO": 0.6855509355509356,
      "ERROR": 0.0
    },
    "c_matrix": [[5177,  398,    5,    0],
                [ 600, 1319,    5,    0],
                [  38,    5,   39,    0],
                [   0,    0,    0,    0]],
  },
  "SGDClassifier": {
    "precision": {
      "IMPERSONAL": 0.8928571428571429,
      "SUBJECT": 0.8900869565217391,
      "ZERO": 0.7383849557522124,
      "ERROR": 0.0
    },
    "f_measure": {
      "IMPERSONAL": 0.4545454545454546,
      "SUBJECT": 0.903442188879082,
      "ZERO": 0.7154340836012862,
      "ERROR": 0.0
    },
    "accuracy": 0.8539414711310308,
    "recall": {
      "IMPERSONAL": 0.3048780487804878,
      "SUBJECT": 0.9172043010752688,
      "ZERO": 0.6938669438669439,
      "ERROR": 0.0
    },
    "c_matrix": [[5118,  460,    2,    0],
                [ 588, 1335,    1,    0],
                [  44,   13,   25,    0],
                [   0,    0,    0,    0]]
  },
  "RandomForestClassifier": {
    "precision": {
      "IMPERSONAL": 0.8837209302325582,
      "SUBJECT": 0.8497081712062257,
      "ZERO": 0.7527272727272727,
      "ERROR": 0.0
    },
    "f_measure": {
      "IMPERSONAL": 0.608,
      "SUBJECT": 0.8922369765066395,
      "ZERO": 0.6274628675356168,
      "ERROR": 0.0
    },
    "accuracy": 0.8323226997099921,
    "recall": {
      "IMPERSONAL": 0.4634146341463415,
      "SUBJECT": 0.939247311827957,
      "ZERO": 0.5379417879417879,
      "ERROR": 0.0
    },
    "c_matrix": [[5241,  335,    4,    0],
                [ 888, 1035,    1,    0],
                [  39,    5,   38,    0],
                [   0,    0,    0,    0]],
  },
  "BernoulliNB": {
    "precision": {
      "IMPERSONAL": 0.2608695652173913,
      "SUBJECT": 0.8855154965211891,
      "ZERO": 0.5103422339225273,
      "ERROR": 0.0
    },
    "f_measure": {
      "IMPERSONAL": 0.3609022556390977,
      "SUBJECT": 0.8137169427492008,
      "ZERO": 0.5921885228016582,
      "ERROR": 0.0
    },
    "accuracy": 0.7388610598470867,
    "recall": {
      "IMPERSONAL": 0.5853658536585366,
      "SUBJECT": 0.7526881720430108,
      "ZERO": 0.7053014553014553,
      "ERROR": 0.0
    },
    "c_matrix": [[4200, 1284,   96,    0],
                [ 527, 1357,   40,    0],
                [  16,   18,   48,    0],
                [   0,    0,    0,    0]]
  },
  "LogisticRegression": {
    "precision": {
      "IMPERSONAL": 0.8571428571428571,
      "SUBJECT": 0.8861343819456318,
      "ZERO": 0.7655699177438308,
      "ERROR": 0.0
    },
    "f_measure": {
      "IMPERSONAL": 0.5128205128205128,
      "SUBJECT": 0.9069909878379561,
      "ZERO": 0.7186982901268616,
      "ERROR": 0.0
    },
    "accuracy": 0.8589506986554178,
    "recall": {
      "IMPERSONAL": 0.36585365853658536,
      "SUBJECT": 0.928853046594982,
      "ZERO": 0.6772349272349273,
      "ERROR": 0.0
    },
    "c_matrix": [[5183,  393,    4,    0],
                [ 620, 1303,    1,    0],
                [  46,    6,   30,    0],
                [   0,    0,    0,    0]]
  },
  "SVC": {
    "precision": {
      "IMPERSONAL": 0.0,
      "SUBJECT": 0.7768851303735025,
      "ZERO": 0.8574338085539714,
      "ERROR": 0.0
    },
    "f_measure": {
      "IMPERSONAL": 0.0,
      "SUBJECT": 0.8697435897435898,
      "ZERO": 0.3486542443064182,
      "ERROR": 0.0
    },
    "accuracy": 0.7820986026891642,
    "recall": {
      "IMPERSONAL": 0.0,
      "SUBJECT": 0.9878136200716846,
      "ZERO": 0.2188149688149688,
      "ERROR": 0.0
    },
    "c_matrix": [[5512,   68,    0,    0],
                [1503,  421,    0,    0],
                [  80,    2,    0,    0],
                [   0,    0,    0,    0]]
  },
  "exec_time": 5981.000156,
  "GaussianNB": {
    "precision": {
      "IMPERSONAL": 0.04541832669322709,
      "SUBJECT": 0.8875562218890555,
      "ZERO": 0.23834745762711865,
      "ERROR": 0.0
    },
    "f_measure": {
      "IMPERSONAL": 0.08526551982049364,
      "SUBJECT": 0.1895309748679366,
      "ZERO": 0.3558249868212968,
      "ERROR": 0.0
    },
    "accuracy": 0.2635117321381492,
    "recall": {
      "IMPERSONAL": 0.6951219512195121,
      "SUBJECT": 0.1060931899641577,
      "ZERO": 0.7016632016632016,
      "ERROR": 0.0
    },
    "c_matrix": [[ 592, 4293,  695,    0],
                [  71, 1350,  503,    0],
                [   4,   21,   57,    0],
                [   0,    0,    0,    0]]
  },
  "VotingClassifier": {
    "recall": {
        "IMPERSONAL": 0.4024390243902439,
        "ERROR": 0.0,
        "ZERO": 0.6673596673596673,
        "SUBJECT": 0.9347670250896057
    },
    "precision": {
        "IMPERSONAL": 0.8918918918918919,
        "ERROR": 0.0,
        "ZERO": 0.7772397094430993,
        "SUBJECT": 0.8845175512972698
    },
    "f_measure": {
        "IMPERSONAL": 0.5546218487394957,
        "ERROR": 0.0,
        "ZERO": 0.7181208053691276,
        "SUBJECT": 0.9089483314454997
    },
    "accuracy": 0.8611916688636962,
    "c_matrix": [[5213,  365,    2,    0],
                [ 654, 1269,    1,    0],
                [  41,    8,   33,    0],
                [   0,    0,    0,    0]]
  }
}
