{
  "LogisticRegression": {
    "accuracy": 0.86034846884899685,
    "precision": {
      "SUBJECT": 0.88382377955434599,
      "ZERO": 0.77804583835946928,
      "IMPERSONAL": 0.82051282051282048,
      "ERROR": 0.0
    },
    "recall": {
      "SUBJECT": 0.93436432296349581,
      "ZERO": 0.66908713692946054,
      "IMPERSONAL": 0.36781609195402298,
      "ERROR": 0.0
    },
    "f_measure": {
      "SUBJECT": 0.90839160839160837,
      "ZERO": 0.7194645844952593,
      "IMPERSONAL": 0.50793650793650791,
      "ERROR": 0.0
    },
    "c_matrix": [
      [5196,  362,  3,  0],
      [634,  1290,  4,  0],
      [49,  6,  32,  0],
      [0,  0,  0,  0]
    ]
  },
  "SGDClassifier": {
    "accuracy": 0.85058078141499471,
    "precision": {
      "SUBJECT": 0.85026062233454436,
      "ZERO": 0.85536159600997508,
      "IMPERSONAL": 0.76190476190476186,
      "ERROR": 0.0
    },
    "recall": {
      "SUBJECT": 0.96799136845891032,
      "ZERO": 0.53371369294605808,
      "IMPERSONAL": 0.36781609195402298,
      "ERROR": 0.0
    },
    "f_measure": {
      "SUBJECT": 0.90531449714093515,
      "ZERO": 0.65729798786330251,
      "IMPERSONAL": 0.49612403100775188,
      "ERROR": 0.0
    },
    "c_matrix": [
      [5383,  173,  5,  0],
      [894,  1029,  5,  0],
      [54,  1,  32,  0],
      [0,  0,  0,  0]
    ]
  },
  "GaussianNB": {
    "accuracy": 0.26808342133051744,
    "precision": {
      "SUBJECT": 0.875,
      "ZERO": 0.23636043646603308,
      "IMPERSONAL": 0.05499153976311337,
      "ERROR": 0.0
    },
    "recall": {
      "SUBJECT": 0.11203021039381406,
      "ZERO": 0.69657676348547715,
      "IMPERSONAL": 0.74712643678160917,
      "ERROR": 0.0
    },
    "f_measure": {
      "SUBJECT": 0.19862904511398058,
      "ZERO": 0.35295663600525623,
      "IMPERSONAL": 0.10244286840031522,
      "ERROR": 0.0
    },
    "c_matrix": [
      [623,  4318,  620,  0],
      [88,  1343,  497,  0],
      [1,  21,  65,  0],
      [0,  0,  0,  0]
    ]
  },
  "BernoulliNB": {
    "accuracy": 0.74630411826821541,
    "precision": {
      "SUBJECT": 0.88471177944862156,
      "ZERO": 0.52315346345197089,
      "IMPERSONAL": 0.29142857142857143,
      "ERROR": 0.0
    },
    "recall": {
      "SUBJECT": 0.76173350116885452,
      "ZERO": 0.7090248962655602,
      "IMPERSONAL": 0.58620689655172409,
      "ERROR": 0.0
    },
    "f_measure": {
      "SUBJECT": 0.81862981930621315,
      "ZERO": 0.60207002862805548,
      "IMPERSONAL": 0.38931297709923657,
      "ERROR": 0.0
    },
    "c_matrix": [
      [4236,  1232,  93,  0],
      [530,  1367,  31,  0],
      [22,  14,  51,  0],
      [0,  0,  0,  0]
    ]
  },
  "SVC": {
    "accuracy": 0.78273495248152059,
    "precision": {
      "SUBJECT": 0.77608573040045126,
      "ZERO": 0.8801652892561983,
      "IMPERSONAL": 0.0,
      "ERROR": 0.0
    },
    "recall": {
      "SUBJECT": 0.98975004495594321,
      "ZERO": 0.22095435684647302,
      "IMPERSONAL": 0.0,
      "ERROR": 0.0
    },
    "f_measure": {
      "SUBJECT": 0.86999130640954725,
      "ZERO": 0.35323383084577115,
      "IMPERSONAL": 0.0,
      "ERROR": 0.0
    },
    "c_matrix": [
      [5504,  57,  0,  0],
      [1502,  426,  0,  0],
      [86,  1,  0,  0],
      [0,  0,  0,  0]
    ]
  },
  "LinearSVC": {
    "accuracy": 0.86338437170010562,
    "precision": {
      "SUBJECT": 0.89036144578313248,
      "ZERO": 0.77304550758459745,
      "IMPERSONAL": 0.82692307692307687,
      "ERROR": 0.0
    },
    "recall": {
      "SUBJECT": 0.93022837619133247,
      "ZERO": 0.68724066390041494,
      "IMPERSONAL": 0.4942528735632184,
      "ERROR": 0.0
    },
    "f_measure": {
      "SUBJECT": 0.90985841174918647,
      "ZERO": 0.72762218561230096,
      "IMPERSONAL": 0.61870503597122306,
      "ERROR": 0.0
    },
    "c_matrix": [
      [5173,  384,  4,  0],
      [598,  1325,  5,  0],
      [39,  5,  43,  0],
      [0,  0,  0,  0]
    ]
  },
  "RandomForestClassifier": {
    "accuracy": 0.8375131995776135,
    "precision": {
      "SUBJECT": 0.85061369509043927,
      "ZERO": 0.77462686567164174,
      "IMPERSONAL": 0.90909090909090906,
      "ERROR": 0.0
    },
    "recall": {
      "SUBJECT": 0.94713181082539111,
      "ZERO": 0.53838174273858919,
      "IMPERSONAL": 0.45977011494252873,
      "ERROR": 0.0
    },
    "f_measure": {
      "SUBJECT": 0.89628180039138938,
      "ZERO": 0.63525091799265598,
      "IMPERSONAL": 0.61068702290076338,
      "ERROR": 0.0
    },
    "c_matrix": [
      [5267,  291,  3,  0],
      [889,  1038,  1,  0],
      [36,  11,  40,  0],
      [0,  0,  0,  0]
    ]
  },
  "VotingClassifier": {
    "accuracy": 0.86114044350580776,
    "precision": {
      "SUBJECT": 0.88020833333333337,
      "ZERO": 0.79224904701397714,
      "IMPERSONAL": 0.76000000000000001,
      "ERROR": 0.0
    },
    "recall": {
      "SUBJECT": 0.94209674518971409,
      "ZERO": 0.64678423236514526,
      "IMPERSONAL": 0.43678160919540232,
      "ERROR": 0.0
    },
    "f_measure": {
      "SUBJECT": 0.91010162425084695,
      "ZERO": 0.71216447744146205,
      "IMPERSONAL": 0.55474452554744536,
      "ERROR": 0.0
    },
    "c_matrix": [
      [5239,  319,  3,  0],
      [672,  1247,  9,  0],
      [41,  8,  38,  0],
      [0,  0,  0,  0]
    ]
  },
  "exec_time": 6801.553525
}