{
    "AVG": {
        "precision": {
            "ZERO": 0.7599870380644426,
            "SUBJECT": 0.8808721052657045,
            "ERROR": 0.0,
            "IMPERSONAL": 0.7011664295874822
        },
        "f_measure": {
            "ZERO": 0.7064986084221074,
            "SUBJECT": 0.903387572697914,
            "ERROR": 0.0,
            "IMPERSONAL": 0.5074156127867162
        },
        "recall": {
            "ZERO": 0.6600855243614449,
            "SUBJECT": 0.927092947768052,
            "ERROR": 0.0,
            "IMPERSONAL": 0.3984081507978567
        },
        "accuracy": 0.8528443357783211
    },
    "precision": [
        [
            "('SUBJECT'", "0.8802127659574468)",
            "('ZERO'", "0.74285714285714288)",
            "('IMPERSONAL'", "0.7142857142857143)",
            "('ERROR'", "0.0)"
        ],
        [
            "('SUBJECT'", "0.87833018670023078)",
            "('ZERO'", "0.75789473684210529)",
            "('IMPERSONAL'", "0.68421052631578949)",
            "('ERROR'", "0.0)"
        ],
        [
            "('SUBJECT'", "0.87957219251336893)",
            "('ZERO'", "0.7744202389318342)",
            "('IMPERSONAL'", "0.6216216216216216)",
            "('ERROR'", "0.0)"
        ],
        [
            "('SUBJECT'", "0.87735649226858714)",
            "('ZERO'", "0.75924583031182014)",
            "('IMPERSONAL'", "0.77142857142857146)",
            "('ERROR'", "0.0)"
        ],
        [
            "('SUBJECT'", "0.88888888888888884)",
            "('ZERO'", "0.76551724137931032)",
            "('IMPERSONAL'", "0.7142857142857143)",
            "('ERROR'", "0.0)"
        ]
    ],
    "f_measure": [
        [
            "('SUBJECT'", "0.89964118734369902)",
            "('ZERO'", "0.69705093833780163)",
            "('IMPERSONAL'", "0.5617977528089888)",
            "('ERROR'", "0.0)"
        ],
        [
            "('SUBJECT'", "0.90285714285714291)",
            "('ZERO'", "0.69781931464174451)",
            "('IMPERSONAL'", "0.49056603773584906)",
            "('ERROR'", "0.0)"
        ],
        [
            "('SUBJECT'", "0.90314078629475059)",
            "('ZERO'", "0.7214402618657938)",
            "('IMPERSONAL'", "0.42201834862385318)",
            "('ERROR'", "0.0)"
        ],
        [
            "('SUBJECT'", "0.90092441544317559)",
            "('ZERO'", "0.7036290322580645)",
            "('IMPERSONAL'", "0.54545454545454553)",
            "('ERROR'", "0.0)"
        ],
        [
            "('SUBJECT'", "0.91037433155080205)",
            "('ZERO'", "0.7125534950071325)",
            "('IMPERSONAL'", "0.51724137931034486)",
            "('ERROR'", "0.0)"
        ]
    ],
    "recall": [
        [
            "('SUBJECT'", "0.91994663108739161)",
            "('ZERO'", "0.65656565656565657)",
            "('IMPERSONAL'", "0.46296296296296297)",
            "('ERROR'", "0.0)"
        ],
        [
            "('SUBJECT'", "0.92879325643300803)",
            "('ZERO'", "0.64656831302116746)",
            "('IMPERSONAL'", "0.38235294117647056)",
            "('ERROR'", "0.0)"
        ],
        [
            "('SUBJECT'", "0.92800722184608442)",
            "('ZERO'", "0.67524509803921573)",
            "('IMPERSONAL'", "0.31944444444444442)",
            "('ERROR'", "0.0)"
        ],
        [
            "('SUBJECT'", "0.92579347340187756)",
            "('ZERO'", "0.65560425798371946)",
            "('IMPERSONAL'", "0.421875)",
            "('ERROR'", "0.0)"
        ],
        [
            "('SUBJECT'", "0.93292415607189827)",
            "('ZERO'", "0.66644429619746492)",
            "('IMPERSONAL'", "0.40540540540540543)",
            "('ERROR'", "0.0)"
        ]
    ],
    "accuracy": [
        0.847921760391198,
        0.8510187449062755,
        0.8536267318663406,
        0.8502037489812551,
        0.8614506927465363
    ]
}
