{
    "f_measure": [
        [
            "('SUBJECT'", "0.83790523690773078)",
            "('ZERO'", "0.70866141732283461)",
            "('IMPERSONAL'", "0.45901639344262291)",
            "('ERROR'", "0.0)"
        ],
        [
            "('SUBJECT'", "0.83630470016207459)",
            "('ZERO'", "0.68729641693811083)",
            "('IMPERSONAL'", "0.5357142857142857)",
            "('ERROR'", "0.0)"
        ],
        [
            "('SUBJECT'", "0.80719794344473006)",
            "('ZERO'", "0.67168674698795183)",
            "('IMPERSONAL'", "0.43478260869565216)",
            "('ERROR'", "0.66666666666666663)"
        ],
        [
            "('SUBJECT'", "0.80528052805280526)",
            "('ZERO'", "0.63461538461538458)",
            "('IMPERSONAL'", "0.5423728813559322)",
            "('ERROR'", "0.44444444444444442)"
        ],
        [
            "('SUBJECT'", "0.83538083538083541)",
            "('ZERO'", "0.66666666666666674)",
            "('IMPERSONAL'", "0.44067796610169496)",
            "('ERROR'", "0.66666666666666663)"
        ]
    ],
    "precision": [
        [
            "('SUBJECT'", "0.87958115183246077)",
            "('ZERO'", "0.6502890173410405)",
            "('IMPERSONAL'", "0.48275862068965519)",
            "('ERROR'", "0.0)"
        ],
        [
            "('SUBJECT'", "0.8896551724137931)",
            "('ZERO'", "0.60632183908045978)",
            "('IMPERSONAL'", "0.59999999999999998)",
            "('ERROR'", "0.0)"
        ],
        [
            "('SUBJECT'", "0.85948905109489049)",
            "('ZERO'", "0.60928961748633881)",
            "('IMPERSONAL'", "0.40540540540540543)",
            "('ERROR'", "1.0)"
        ],
        [
            "('SUBJECT'", "0.85915492957746475)",
            "('ZERO'", "0.56571428571428573)",
            "('IMPERSONAL'", "0.5161290322580645)",
            "('ERROR'", "0.66666666666666663)"
        ],
        [
            "('SUBJECT'", "0.87779690189328741)",
            "('ZERO'", "0.59710144927536235)",
            "('IMPERSONAL'", "0.56521739130434778)",
            "('ERROR'", "0.66666666666666663)"
        ]
    ],
    "AVG": {
        "precision": {
            "SUBJECT": 0.8731354413623793,
            "ZERO": 0.6057432417794975,
            "ERROR": 0.4666666666666666,
            "IMPERSONAL": 0.5139020899314946
        },
        "f_measure": {
            "SUBJECT": 0.8244138487896352,
            "ZERO": 0.6737853265061897,
            "ERROR": 0.3555555555555555,
            "IMPERSONAL": 0.48251282706203763
        },
        "accuracy": 0.7623310289488303,
        "recall": {
            "SUBJECT": 0.780906897163824,
            "ZERO": 0.7594616869931148,
            "ERROR": 0.3,
            "IMPERSONAL": 0.46453213005632354
        }
    },
    "accuracy": [
        0.7796432318992654,
        0.7785939139559287,
        0.7460650577124869,
        0.7394957983193278,
        0.7678571428571429
    ],
    "recall": [
        [
            "('SUBJECT'", "0.80000000000000004)",
            "('ZERO'", "0.77854671280276821)",
            "('IMPERSONAL'", "0.4375)",
            "('ERROR'", "0.0)"
        ],
        [
            "('SUBJECT'", "0.78899082568807344)",
            "('ZERO'", "0.79323308270676696)",
            "('IMPERSONAL'", "0.4838709677419355)",
            "('ERROR'", "0.0)"
        ],
        [
            "('SUBJECT'", "0.76090468497576735)",
            "('ZERO'", "0.74832214765100669)",
            "('IMPERSONAL'", "0.46875)",
            "('ERROR'", "0.5)"
        ],
        [
            "('SUBJECT'", "0.75776397515527949)",
            "('ZERO'", "0.72262773722627738)",
            "('IMPERSONAL'", "0.5714285714285714)",
            "('ERROR'", "0.33333333333333331)"
        ],
        [
            "('SUBJECT'", "0.796875)",
            "('ZERO'", "0.75457875457875456)",
            "('IMPERSONAL'", "0.3611111111111111)",
            "('ERROR'", "0.66666666666666663)"
        ]
    ]
}
