{
    "AVG": {
        "recall": {
            "SUBJECT": 0.7380004174121769,
            "ZERO": 0.7659137727788308,
            "ERROR": 0.0,
            "IMPERSONAL": 0.5756254416180887
        },
        "precision": {
            "SUBJECT": 0.9049079396533782,
            "ZERO": 0.5250758127848753,
            "ERROR": 0.0,
            "IMPERSONAL": 0.21883123045134986
        },
        "f_measure": {
            "SUBJECT": 0.8129610946480341,
            "ZERO": 0.6230061706677912,
            "ERROR": 0.0,
            "IMPERSONAL": 0.3163636280545609
        },
        "accuracy": 0.7433740831295843
    },
    "precision": [
        [
            "('SUBJECT'", "0.90387811634349036)",
            "('ZERO'", "0.51528013582342957)",
            "('IMPERSONAL'", "0.19526627218934911)",
            "('ERROR'", "0.0)"
        ],
        [
            "('SUBJECT'", "0.90146579804560256)",
            "('ZERO'", "0.51959489211800969)",
            "('IMPERSONAL'", "0.21111111111111111)",
            "('ERROR'", "0.0)"
        ],
        [
            "('SUBJECT'", "0.89598893499308441)",
            "('ZERO'", "0.53043848446147301)",
            "('IMPERSONAL'", "0.21052631578947367)",
            "('ERROR'", "0.0)"
        ],
        [
            "('SUBJECT'", "0.90434544957638696)",
            "('ZERO'", "0.52718573292735971)",
            "('IMPERSONAL'", "0.23163841807909605)",
            "('ERROR'", "0.0)"
        ],
        [
            "('SUBJECT'", "0.91886139930832667)",
            "('ZERO'", "0.53287981859410427)",
            "('IMPERSONAL'", "0.24561403508771928)",
            "('ERROR'", "0.0)"
        ]
    ],
    "f_measure": [
        [
            "('SUBJECT'", "0.804983347724189)",
            "('ZERO'", "0.61624365482233501)",
            "('IMPERSONAL'", "0.29596412556053814)",
            "('ERROR'", "0.0)"
        ],
        [
            "('SUBJECT'", "0.810791015625)",
            "('ZERO'", "0.61618798955613574)",
            "('IMPERSONAL'", "0.30645161290322576)",
            "('ERROR'", "0.0)"
        ],
        [
            "('SUBJECT'", "0.80512055679840921)",
            "('ZERO'", "0.6259733735242401)",
            "('IMPERSONAL'", "0.29629629629629628)",
            "('ERROR'", "0.0)"
        ],
        [
            "('SUBJECT'", "0.81372187384728878)",
            "('ZERO'", "0.62217659137577008)",
            "('IMPERSONAL'", "0.34024896265560167)",
            "('ERROR'", "0.0)"
        ],
        [
            "('SUBJECT'", "0.83018867924528306)",
            "('ZERO'", "0.6344492440604752)",
            "('IMPERSONAL'", "0.34285714285714286)",
            "('ERROR'", "0.0)"
        ]
    ],
    "recall": [
        [
            "('SUBJECT'", "0.72559484100511451)",
            "('ZERO'", "0.76641414141414144)",
            "('IMPERSONAL'", "0.61111111111111116)",
            "('ERROR'", "0.0)"
        ],
        [
            "('SUBJECT'", "0.73669032830523518)",
            "('ZERO'", "0.75689544579858881)",
            "('IMPERSONAL'", "0.55882352941176472)",
            "('ERROR'", "0.0)"
        ],
        [
            "('SUBJECT'", "0.73098623335590163)",
            "('ZERO'", "0.7634803921568627)",
            "('IMPERSONAL'", "0.5)",
            "('ERROR'", "0.0)"
        ],
        [
            "('SUBJECT'", "0.73960661600357624)",
            "('ZERO'", "0.75892298058860364)",
            "('IMPERSONAL'", "0.640625)",
            "('ERROR'", "0.0)"
        ],
        [
            "('SUBJECT'", "0.7571240683910565)",
            "('ZERO'", "0.78385590393595728)",
            "('IMPERSONAL'", "0.56756756756756754)",
            "('ERROR'", "0.0)"
        ]
    ],
    "accuracy": [
        0.7351263243683781,
        0.7398533007334963,
        0.736919315403423,
        0.74360228198859,
        0.7613691931540343
    ] }
