{
    "AVG": {
        "precision": {
            "ZERO": 0.8915745045242393,
            "ERROR": 0.0,
            "IMPERSONAL": 0.0,
            "SUBJECT": 0.7754955980618344
        },
        "accuracy": 0.7828534256523433,
        "f_measure": {
            "ZERO": 0.35360857188880807,
            "ERROR": 0.0,
            "IMPERSONAL": 0.0,
            "SUBJECT": 0.8700687881617706
        },
        "recall": {
            "ZERO": 0.22071606369663876,
            "ERROR": 0.0,
            "IMPERSONAL": 0.0,
            "SUBJECT": 0.9909843836959589
        }
        "excecution_time": 8427
    },
    "precision": [
        [
            "('SUBJECT'",
            "0.77992277992277992)",
            "('ZERO'",
            "0.90799031476997583)",
            "('IMPERSONAL'",
            "0.0)",
            "('ERROR'",
            "0.0)"
        ],
        [
            "('SUBJECT'",
            "0.77516544757924066)",
            "('ZERO'",
            "0.87903225806451613)",
            "('IMPERSONAL'",
            "0.0)",
            "('ERROR'",
            "0.0)"
        ],
        [
            "('SUBJECT'",
            "0.76060500695410294)",
            "('ZERO'",
            "0.88826815642458101)",
            "('IMPERSONAL'",
            "0.0)",
            "('ERROR'",
            "0.0)"
        ],
        [
            "('SUBJECT'",
            "0.77450980392156865)",
            "('ZERO'",
            "0.8982630272952854)",
            "('IMPERSONAL'",
            "0.0)",
            "('ERROR'",
            "0.0)"
        ],
        [
            "('SUBJECT'",
            "0.78727495193148056)",
            "('ZERO'",
            "0.88431876606683801)",
            "('IMPERSONAL'",
            "0.0)",
            "('ERROR'",
            "0.0)"
        ]
    ],
    "accuracy": [
        0.7885779741449844,
        0.7814851161269218,
        0.7680851063829788,
        0.7826655764513492,
        0.7934533551554828
    ],
    "f_measure": [
        [
            "('SUBJECT'",
            "0.87317025248059721)",
            "('ZERO'",
            "0.37707390648567118)",
            "('IMPERSONAL'",
            "0.0)",
            "('ERROR'",
            "0.0)"
        ],
        [
            "('SUBJECT'",
            "0.86976062530532483)",
            "('ZERO'",
            "0.33974025974025973)",
            "('IMPERSONAL'",
            "0.0)",
            "('ERROR'",
            "0.0)"
        ],
        [
            "('SUBJECT'",
            "0.8606275204091669)",
            "('ZERO'",
            "0.32104997476022212)",
            "('IMPERSONAL'",
            "0.0)",
            "('ERROR'",
            "0.0)"
        ],
        [
            "('SUBJECT'",
            "0.86958230958230953)",
            "('ZERO'",
            "0.36363636363636365)",
            "('IMPERSONAL'",
            "0.0)",
            "('ERROR'",
            "0.0)"
        ],
        [
            "('SUBJECT'",
            "0.87720323303145398)",
            "('ZERO'",
            "0.3665423548215237)",
            "('IMPERSONAL'",
            "0.0)",
            "('ERROR'",
            "0.0)"
        ]
    ],
    "recall": [
        [
            "('SUBJECT'",
            "0.99174291452800711)",
            "('ZERO'",
            "0.23794416243654823)",
            "('IMPERSONAL'",
            "0.0)",
            "('ERROR'",
            "0.0)"
        ],
        [
            "('SUBJECT'",
            "0.99065212552860005)",
            "('ZERO'",
            "0.21056020605280104)",
            "('IMPERSONAL'",
            "0.0)",
            "('ERROR'",
            "0.0)"
        ],
        [
            "('SUBJECT'",
            "0.99093997734994332)",
            "('ZERO'",
            "0.19593345656192238)",
            "('IMPERSONAL'",
            "0.0)",
            "('ERROR'",
            "0.0)"
        ],
        [
            "('SUBJECT'",
            "0.99126148330719244)",
            "('ZERO'",
            "0.22795969773299748)",
            "('IMPERSONAL'",
            "0.0)",
            "('ERROR'",
            "0.0)"
        ],
        [
            "('SUBJECT'",
            "0.99032541776605099)",
            "('ZERO'",
            "0.23118279569892472)",
            "('IMPERSONAL'",
            "0.0)",
            "('ERROR'",
            "0.0)"
        ]
    ]
}
