{
    "AVG": {
        "recall": {
            "ZERO": 0.1939864611973287,
            "SUBJECT": 0.9901086253667616,
            "IMPERSONAL": 0.0782523332155685,
            "ERROR": 0.0
        },
        "accuracy": 0.7759739201303993,
        "precision": {
            "ZERO": 0.8733123744805456,
            "SUBJECT": 0.7699678597576897,
            "IMPERSONAL": 0.9,
            "ERROR": 0.0
        },
        "f_measure": {
            "ZERO": 0.31733616962142824,
            "SUBJECT": 0.8662578957001731,
            "IMPERSONAL": 0.14111000183132621,
            "ERROR": 0.0
        }
    },
    "recall": [
        [
            "('SUBJECT'",
            "0.99177229263953748)",
            "('ZERO'",
            "0.20328282828282829)",
            "('IMPERSONAL'",
            "0.092592592592592587)",
            "('ERROR'",
            "0.0)"
        ],
        [
            "('SUBJECT'",
            "0.99023957409050578)",
            "('ZERO'",
            "0.18473380372033354)",
            "('IMPERSONAL'",
            "0.044117647058823532)",
            "('ERROR'",
            "0.0)"
        ],
        [
            "('SUBJECT'",
            "0.9873617693522907)",
            "('ZERO'",
            "0.20465686274509803)",
            "('IMPERSONAL'",
            "0.027777777777777776)",
            "('ERROR'",
            "0.0)"
        ],
        [
            "('SUBJECT'",
            "0.98971837282074204)",
            "('ZERO'",
            "0.17845961177207265)",
            "('IMPERSONAL'",
            "0.078125)",
            "('ERROR'",
            "0.0)"
        ],
        [
            "('SUBJECT'",
            "0.99145111793073215)",
            "('ZERO'",
            "0.19879919946631086)",
            "('IMPERSONAL'",
            "0.14864864864864866)",
            "('ERROR'",
            "0.0)"
        ]
    ],
    "accuracy": [
        0.7802770986145069,
        0.7750611246943765,
        0.7678891605541972,
        0.7690301548492258,
        0.7876120619396904
    ],
    "f_measure": [
        [
            "('SUBJECT'",
            "0.86871834826645888)",
            "('ZERO'",
            "0.33144621718991252)",
            "('IMPERSONAL'",
            "0.16949152542372881)",
            "('ERROR'",
            "0.0)"
        ],
        [
            "('SUBJECT'",
            "0.86629148069085959)",
            "('ZERO'",
            "0.30443974630021142)",
            "('IMPERSONAL'",
            "0.083333333333333343)",
            "('ERROR'",
            "0.0)"
        ],
        [
            "('SUBJECT'",
            "0.86011992529244086)",
            "('ZERO'",
            "0.33020266930301534)",
            "('IMPERSONAL'",
            "0.054054054054054057)",
            "('ERROR'",
            "0.0)"
        ],
        [
            "('SUBJECT'",
            "0.86206560887764039)",
            "('ZERO'",
            "0.29579657498702649)",
            "('IMPERSONAL'",
            "0.14285714285714285)",
            "('ERROR'",
            "0.0)"
        ],
        [
            "('SUBJECT'",
            "0.87409411537346604)",
            "('ZERO'",
            "0.3247956403269755)",
            "('IMPERSONAL'",
            "0.2558139534883721)",
            "('ERROR'",
            "0.0)"
        ]
    ],
    "precision": [
        [
            "('SUBJECT'",
            "0.77282966556922539)",
            "('ZERO'",
            "0.89693593314763231)",
            "('IMPERSONAL'",
            "1.0)",
            "('ERROR'",
            "0.0)"
        ],
        [
            "('SUBJECT'",
            "0.76992066229734391)",
            "('ZERO'",
            "0.86486486486486491)",
            "('IMPERSONAL'",
            "0.75)",
            "('ERROR'",
            "0.0)"
        ],
        [
            "('SUBJECT'",
            "0.76192964123998608)",
            "('ZERO'",
            "0.8542199488491049)",
            "('IMPERSONAL'",
            "1.0)",
            "('ERROR'",
            "0.0)"
        ],
        [
            "('SUBJECT'",
            "0.76357992757371962)",
            "('ZERO'",
            "0.86363636363636365)",
            "('IMPERSONAL'",
            "0.83333333333333337)",
            "('ERROR'",
            "0.0)"
        ],
        [
            "('SUBJECT'",
            "0.78157940210817345)",
            "('ZERO'",
            "0.88690476190476186)",
            "('IMPERSONAL'",
            "0.91666666666666663)",
            "('ERROR'",
            "0.0)"
        ]
    ]
}
