{
    "precision": [
        [
            "('SUBJECT'", "0.88077085980516734)",
            "('ZERO'", "0.760614934114202)",
            "('IMPERSONAL'", "0.86956521739130432)",
            "('ERROR'", "0.0)"
        ],
        [
            "('SUBJECT'", "0.88131313131313127)",
            "('ZERO'", "0.76686656671664166)",
            "('IMPERSONAL'", "0.7857142857142857)",
            "('ERROR'", "0.0)"
        ],
        [
            "('SUBJECT'", "0.87927350427350426)",
            "('ZERO'", "0.78007117437722417)",
            "('IMPERSONAL'", "0.76000000000000001)",
            "('ERROR'", "0.0)"
        ],
        [
            "('SUBJECT'", "0.87910226550921022)",
            "('ZERO'", "0.76810534016093635)",
            "('IMPERSONAL'", "0.92000000000000004)",
            "('ERROR'", "0.0)"
        ],
        [
            "('SUBJECT'", "0.89214659685863873)",
            "('ZERO'", "0.77217125382262997)",
            "('IMPERSONAL'", "0.85185185185185186)",
            "('ERROR'", "0.0)"
        ]
    ],
    "recall": [
        [
            "('SUBJECT'", "0.92814103994644048)",
            "('ZERO'", "0.65926395939086291)",
            "('IMPERSONAL'", "0.37037037037037035)",
            "('ERROR'", "0.0)"
        ],
        [
            "('SUBJECT'", "0.9321166258624527)",
            "('ZERO'", "0.65872504829362521)",
            "('IMPERSONAL'", "0.3235294117647059)",
            "('ERROR'", "0.0)"
        ],
        [
            "('SUBJECT'", "0.93204983012457532)",
            "('ZERO'", "0.67529266789895259)",
            "('IMPERSONAL'", "0.2638888888888889)",
            "('ERROR'", "0.0)"
        ],
        [
            "('SUBJECT'", "0.9303159309881246)",
            "('ZERO'", "0.66120906801007562)",
            "('IMPERSONAL'", "0.359375)",
            "('ERROR'", "0.0)"
        ],
        [
            "('SUBJECT'", "0.9366754617414248)",
            "('ZERO'", "0.67876344086021501)",
            "('IMPERSONAL'", "0.3108108108108108)",
            "('ERROR'", "0.0)"
        ]
    ],
    "AVG": {
        "precision": {
            "SUBJECT": 0.8825212715519303,
            "ZERO": 0.7695658538383269,
            "ERROR": 0.0,
            "IMPERSONAL": 0.8374262709914884
        },
        "recall": {
            "SUBJECT": 0.9318597777326036,
            "ZERO": 0.6666508368907462,
            "ERROR": 0.0,
            "IMPERSONAL": 0.32559489636695516
        },
        "f_measure": {
            "SUBJECT": 0.9065169998537493,
            "ZERO": 0.7144094208477616,
            "ERROR": 0.0,
            "IMPERSONAL": 0.4683731814544331
        },
        "accuracy": 0.8572978798928972,
        "time": 3858
    },
    "f_measure": [
        [
            "('SUBJECT'", "0.90383570574812555)",
            "('ZERO'", "0.70632222977566284)",
            "('IMPERSONAL'", "0.51948051948051943)",
            "('ERROR'", "0.0)"
        ],
        [
            "('SUBJECT'", "0.90600324499729579)",
            "('ZERO'", "0.70869414617249726)",
            "('IMPERSONAL'", "0.45833333333333326)",
            "('ERROR'", "0.0)"
        ],
        [
            "('SUBJECT'", "0.90489279824079161)",
            "('ZERO'", "0.7239101717305152)",
            "('IMPERSONAL'", "0.39175257731958768)",
            "('ERROR'", "0.0)"
        ],
        [
            "('SUBJECT'", "0.90398432397126061)",
            "('ZERO'", "0.71065989847715749)",
            "('IMPERSONAL'", "0.5168539325842697)",
            "('ERROR'", "0.0)"
        ],
        [
            "('SUBJECT'", "0.91386892631127314)",
            "('ZERO'", "0.72246065808297566)",
            "('IMPERSONAL'", "0.45544554455445541)",
            "('ERROR'", "0.0)"
        ]
    ],
    "accuracy": [
        0.8538700703649157,
        0.8559044815178279,
        0.855973813420622,
        0.8544562551103843,
        0.8662847790507365
    ]
}
