{
  "LogisticRegression": {
    "accuracy": 0.86061246040126715,
    "precision": {
      "SUBJECT": 0.88386328855636798,
      "ZERO": 0.77898550724637683,
      "IMPERSONAL": 0.82051282051282048,
      "ERROR": 0.0
    },
    "recall": {
      "SUBJECT": 0.93472397050890133,
      "ZERO": 0.66908713692946054,
      "IMPERSONAL": 0.36781609195402298,
      "ERROR": 0.0
    },
    "f_measure": {
      "SUBJECT": 0.9085824156615977,
      "ZERO": 0.71986607142857151,
      "IMPERSONAL": 0.50793650793650791,
      "ERROR": 0.0
    },
    "c_matrix": [
      [5198,  360,  3,  0],
      [ 634, 1290,  4,  0],
      [  49,    6, 32,  0],
      [   0,    0,  0,  0]
    ]
  },
  "SGDClassifier": {
    "accuracy": 0.83619324181626187,
    "precision": {
      "SUBJECT": 0.82688821752265862,
      "ZERO": 0.90710382513661203,
      "IMPERSONAL": 0.75609756097560976,
      "ERROR": 0.0
    },
    "recall": {
      "SUBJECT": 0.98435533177486068,
      "ZERO": 0.43049792531120334,
      "IMPERSONAL": 0.35632183908045978,
      "ERROR": 0.0
    },
    "f_measure": {
      "SUBJECT": 0.89877678351531087,
      "ZERO": 0.58389025677101658,
      "IMPERSONAL": 0.484375,
      "ERROR": 0.0
    },
    "c_matrix": [
      [5474,  83,   4,  0],
      [1092, 830,   6,  0],
      [  54,   2,  31,  0],
      [   0,   0,   0,  0]
    ]
  },
  "GaussianNB": {
    "accuracy": 0.26808342133051744,
    "precision": {
      "SUBJECT": 0.875,
      "ZERO": 0.23636043646603308,
      "IMPERSONAL": 0.05499153976311337,
      "ERROR": 0.0
    },
    "recall": {
      "SUBJECT": 0.11203021039381406,
      "ZERO": 0.69657676348547715,
      "IMPERSONAL": 0.74712643678160917,
      "ERROR": 0.0
    },
    "f_measure": {
      "SUBJECT": 0.19862904511398058,
      "ZERO": 0.35295663600525623,
      "IMPERSONAL": 0.10244286840031522,
      "ERROR": 0.0
    },
    "c_matrix": [
      [623, 4318, 620, 0],
      [ 88, 1343, 497, 0],
      [  1,   21,  65, 0],
      [  0,    0,   0, 0]
    ]
  },
  "BernoulliNB": {
    "accuracy": 0.74722808870116153,
    "precision": {
      "SUBJECT": 0.8851774530271399,
      "ZERO": 0.52432018383761014,
      "IMPERSONAL": 0.29714285714285715,
      "ERROR": 0.0
    },
    "recall": {
      "SUBJECT": 0.76245279625966556,
      "ZERO": 0.71006224066390045,
      "IMPERSONAL": 0.5977011494252874,
      "ERROR": 0.0
    },
    "f_measure": {
      "SUBJECT": 0.8192445174379287,
      "ZERO": 0.60321656752588682,
      "IMPERSONAL": 0.39694656488549618,
      "ERROR": 0.0
    },
    "c_matrix": [
      [4240, 1228,  93,  0],
      [ 529, 1369,  30,  0],
      [  21,   14,  52,  0],
      [   0,    0,   0,  0]
    ]
  },
  "SVC": {
    "accuracy": 0.78286694825765579,
    "precision": {
      "SUBJECT": 0.77608573040045126,
      "ZERO": 0.88223140495867769,
      "IMPERSONAL": 0.0,
      "ERROR": 0.0
    },
    "recall": {
      "SUBJECT": 0.98975004495594321,
      "ZERO": 0.22147302904564314,
      "IMPERSONAL": 0.0,
      "ERROR": 0.0
    },
    "f_measure": {
      "SUBJECT": 0.86999130640954725,
      "ZERO": 0.35406301824212266,
      "IMPERSONAL": 0.0,
      "ERROR": 0.0
    },
    "c_matrix": [
      [5504,  57,  0,  0],
      [1501, 427,  0,  0],
      [  87,   0,  0,  0],
      [   0,   0,  0,  0]
    ]
  },
  "LinearSVC": {
    "accuracy": 0.86206441393875399,
    "precision": {
      "SUBJECT": 0.88927097661623111,
      "ZERO": 0.77121123464014041,
      "IMPERSONAL": 0.80392156862745101,
      "ERROR": 0.0
    },
    "recall": {
      "SUBJECT": 0.93004855241862971,
      "ZERO": 0.68360995850622408,
      "IMPERSONAL": 0.47126436781609193,
      "ERROR": 0.0
    },
    "f_measure": {
      "SUBJECT": 0.90920277753362044,
      "ZERO": 0.72477316469617814,
      "IMPERSONAL": 0.59420289855072461,
      "ERROR": 0.0
    },
    "c_matrix": [
      [5172,  385,  4,  0],
      [ 604, 1318,  6,  0],
      [  40,    6, 41,  0],
      [   0,    0,  0,  0]
    ]
  },
  "RandomForestClassifier": {
    "accuracy": 0.84147307286166839,
    "precision": {
      "SUBJECT": 0.85267064708730034,
      "ZERO": 0.78694673668417103,
      "IMPERSONAL": 0.91304347826086951,
      "ERROR": 0.0
    },
    "recall": {
      "SUBJECT": 0.95018881496133789,
      "ZERO": 0.54408713692946054,
      "IMPERSONAL": 0.48275862068965519,
      "ERROR": 0.0
    },
    "f_measure": {
      "SUBJECT": 0.89879231161762208,
      "ZERO": 0.6433609322293774,
      "IMPERSONAL": 0.63157894736842102,
      "ERROR": 0.0
    },
    "c_matrix": [
      [5284,  274,  3,  0],
      [ 878, 1049,  1,  0],
      [  35,   10, 42,  0],
      [   0,    0,  0,  0]
    ]
  },
  "VotingClassifier": {
    "accuracy": 0.8628563885955649,
    "precision": {
      "SUBJECT": 0.88148148148148153,
      "ZERO": 0.79360100376411546,
      "IMPERSONAL": 0.8571428571428571,
      "ERROR": 0.0
    },
    "recall": {
      "SUBJECT": 0.94155727387160582,
      "ZERO": 0.65612033195020747,
      "IMPERSONAL": 0.41379310344827586,
      "ERROR": 0.0
    },
    "f_measure": {
      "SUBJECT": 0.91052951917224589,
      "ZERO": 0.71834185122089722,
      "IMPERSONAL": 0.55813953488372081,
      "ERROR": 0.0
    },
    "c_matrix": [
      [5236,  322,   3,  0],
      [ 660, 1265,   3,  0],
      [  44,    7,  36,  0],
      [   0,    0,   0,  0]
    ]
  },
  "exec_time": 5208.257254
}